Time(s),Force_mag (N),Angle,
1.6797e-05,0,2.65164,
0.00228267,0,2.65164,
0.0104453,0,2.65164,
0.0188175,0,2.65164,
0.0271317,0,2.65164,
0.0354812,0,2.65164,
0.0438445,0,2.65164,
0.0521682,0,2.65164,
0.0604973,0,2.65164,
0.0688102,0,2.65164,
0.077206,0,2.65164,
0.085496,0,2.65164,
0.0938548,0,2.65164,
0.102172,0,2.65164,
0.110516,0,2.65164,
0.118837,0,2.65164,
0.127182,0,2.65164,
0.135522,0,2.65164,
0.143831,0,2.65164,
0.152179,0,2.65164,
0.160505,0,2.65164,
0.168851,0,2.65164,
0.17718,0,2.65164,
0.185517,0,2.65164,
0.193849,0,2.65164,
0.202209,0,2.65164,
0.210515,0,2.65164,
0.218872,0,2.65164,
0.227239,0,2.65164,
0.235579,0,2.65164,
0.2439,0,2.65164,
0.252204,0,2.65164,
0.260576,0,2.65164,
0.268873,0,2.65164,
0.277244,0,2.65164,
0.28559,0,2.65164,
0.293908,0,2.65164,
0.302257,0,2.65164,
0.310579,0,2.65164,
0.318927,0,2.65164,
0.327213,0,2.65164,
0.335559,0,2.65164,
0.343914,0,2.65164,
0.352264,0,2.65164,
0.360584,0,2.65164,
0.368927,0,2.65164,
0.377251,0,2.65164,
0.385605,0,2.65164,
0.393924,0,2.65164,
0.402273,0,2.65164,
0.410592,0,2.65164,
0.418942,0,2.65164,
0.427266,0,2.65164,
0.435614,0,2.65164,
0.443937,0,2.65164,
0.452278,0,2.65164,
0.460608,0,2.65164,
0.468949,0,2.65164,
0.477268,0,2.65164,
0.485621,0,2.65164,
0.493946,0,2.65164,
0.502281,0,2.65164,
0.510617,0,2.65164,
0.518948,0,2.65164,
0.527237,0,2.65164,
0.535516,0,2.65164,
0.543857,0,2.65164,
0.552196,0,2.65164,
0.560527,0,2.65164,
0.568861,0,2.65164,
0.5772,0,2.65164,
0.58553,0,2.65164,
0.593902,0,2.65164,
0.602222,0,2.65164,
0.610585,0,2.65164,
0.618956,0,2.65164,
0.627286,0,2.65164,
0.635624,0,2.65164,
0.643965,0,2.65164,
0.652303,0,2.65164,
0.660635,0,2.65164,
0.66897,0,2.65164,
0.677246,0,2.96437,
0.685592,0,2.96437,
0.693963,0,2.96437,
0.702311,0,2.96437,
0.710637,0,2.96437,
0.718966,0,2.96437,
0.727308,0,2.96437,
0.735651,0,2.96437,
0.743996,0,2.96437,
0.75232,0,2.96437,
0.760607,0,2.96437,
0.769023,0,2.96437,
0.777311,0,2.96437,
0.785656,0,2.96437,
0.793986,0,2.96437,
0.802336,0,2.96437,
0.810607,0,2.96437,
0.818942,0,2.96437,
0.827319,0,2.96437,
0.835651,0,2.96437,
0.843989,0,2.96437,
0.852324,0,2.96437,
0.860651,0,2.96437,
0.868993,0,2.96437,
0.877312,0,2.96437,
0.885627,0,2.96437,
0.89399,0,2.96437,
0.902337,0,2.96437,
0.910659,0,2.96437,
0.919,0,2.96437,
0.927326,0,2.96437,
0.935663,0,2.96437,
0.943996,0,2.96437,
0.952346,0,2.96437,
0.960665,0,2.96437,
0.969005,0,2.96437,
0.977337,0,2.96437,
0.985684,0,2.96437,
0.994002,0,2.96437,
1.00235,0,2.96437,
1.01067,0,2.96437,
1.01901,0,2.96437,
1.02734,0,2.96437,
1.03569,0,2.96437,
1.04398,0,2.96437,
1.05235,0,2.96437,
1.06068,0,2.96437,
1.069,0,2.96437,
1.07735,0,2.96437,
1.08569,0,2.96437,
1.09401,0,2.96437,
1.10236,0,2.96437,
1.11069,0,2.96437,
1.11902,0,2.96437,
1.12736,0,2.96437,
1.13569,0,2.96437,
1.144,0,2.96437,
1.15236,0,2.96437,
1.16066,0,2.96437,
1.16903,0,2.96437,
1.17733,0,2.96437,
1.18571,0,2.96437,
1.194,0,2.96437,
1.20237,0,2.96437,
1.21067,0,2.96437,
1.21904,0,2.96437,
1.22736,0,2.96437,
1.2357,0,2.96437,
1.24404,0,2.96437,
1.25238,0,2.96437,
1.26067,0,2.96437,
1.26905,0,2.96437,
1.27738,0,2.96437,
1.28572,0,2.96437,
1.29402,0,2.96437,
1.30238,0,2.96437,
1.31071,0,2.96437,
1.31905,0,2.96437,
1.32738,0,2.96437,
1.33572,0,2.96437,
1.34398,0,2.96437,
1.35231,0,2.96437,
1.36063,0,2.96437,
1.36898,0,2.96437,
1.37735,0,2.96437,
1.38572,0,2.96437,
1.39406,0,2.96437,
1.4024,0,2.96437,
1.41073,0,2.96437,
1.41902,0,2.96437,
1.4274,0,2.96437,
1.43574,0,2.96437,
1.44407,0,2.96437,
1.45241,0,2.96437,
1.46074,0,2.96437,
1.46907,0,2.96437,
1.4774,0,2.96437,
1.48568,0,2.96437,
1.49399,0,2.96437,
1.50236,0,2.96437,
1.51075,0,2.96437,
1.51908,0,2.96437,
1.52741,0,2.96437,
1.53576,0,2.96437,
1.54408,0,2.96437,
1.55241,0,2.96437,
1.56075,0,2.96437,
1.56904,0,2.96437,
1.57741,0,2.96437,
1.58571,0,2.96437,
1.59409,0,2.96437,
1.60244,0,2.96437,
1.61075,0,2.96437,
1.6191,0,2.96437,
1.62745,0,2.96437,
1.63576,0,2.96437,
1.6441,0,2.96437,
1.65245,0,2.96437,
1.66125,0,2.96437,
1.66906,0,2.96437,
1.6774,0,2.96437,
1.68573,0,2.96437,
1.69411,0,2.96437,
1.70239,0,2.96437,
1.71077,0,2.96437,
1.71905,0,2.96437,
1.72747,0,2.96437,
1.73578,0,2.96437,
1.74411,0,2.96437,
1.75246,0,2.96437,
1.76078,0,2.96437,
1.76911,0,2.96437,
1.77748,0,2.96437,
1.78573,0,2.96437,
1.79412,0,2.96437,
1.8024,0,2.96437,
1.81074,0,2.96437,
1.81907,0,2.96437,
1.82739,0,2.96437,
1.83572,0,2.96437,
1.84408,0,2.96437,
1.85241,0,2.96437,
1.86074,0,2.96437,
1.86908,0,2.96437,
1.87744,0,2.96437,
1.88575,0,2.96437,
1.89409,0,2.96437,
1.90246,0,2.96437,
1.9108,0,2.96437,
1.91912,0,2.96437,
1.92748,0,2.96437,
1.93579,0,2.96437,
1.94414,0,2.96437,
1.9525,0,2.96437,
1.96078,0,2.96437,
1.96913,0,2.96437,
1.97748,0,2.96437,
1.98576,0,2.96437,
1.99414,0,2.96437,
2.00243,0,2.96437,
2.01081,0,2.96437,
2.01912,0,2.96437,
2.02753,0,2.96437,
2.03583,0,2.96437,
2.04417,0,2.96437,
2.05247,0,2.96437,
2.06083,0,2.96437,
2.06916,0,2.96437,
2.07754,0,2.96437,
2.08584,0,2.96437,
2.09417,0,2.96437,
2.10248,0,2.96437,
2.11084,0,2.96437,
2.11919,0,2.96437,
2.12757,0,2.96437,
2.13583,0,2.96413,
2.14422,0,2.9663,
2.15253,0,2.97021,
2.16089,0,2.97397,
2.16918,0,2.98586,
2.17757,0,2.99847,
2.18585,0,3.01112,
2.1942,0,3.03547,
2.20251,0,3.05722,
2.21091,0,3.07756,
2.21918,0,3.10003,
2.2276,0,3.12072,
2.23588,0,-3.13959,
2.24426,0,-3.11844,
2.25253,0,-3.07533,
2.26092,0,-3.04789,
2.26921,0,-3.02984,
2.27759,0,-3.02901,
2.28586,0,-3.02901,
2.29427,0,-3.02595,
2.30252,0,-3.02595,
2.31089,0,-3.02316,
2.3192,0,-3.02316,
2.3276,0,-3.02286,
2.33587,0,-3.02286,
2.34426,0,-3.02286,
2.35254,0,-3.02286,
2.36093,0,-3.02286,
2.36921,0,-3.02286,
2.37761,0,-3.02257,
2.38587,0,-3.02257,
2.39428,0,-3.02226,
2.40253,0,-3.02226,
2.41092,0,-3.02226,
2.41922,0,-3.02226,
2.42756,0,-3.02226,
2.43591,0,-3.02196,
2.44423,0,-3.02196,
2.45256,0,-3.02419,
2.46095,0,-3.02642,
2.46922,0,-3.02642,
2.47758,0,-3.03122,
2.48589,0,-3.03349,
2.4943,0,-3.03807,
2.50256,0,-3.04926,
2.51095,0,-3.07106,
2.51923,0,-3.07557,
2.52762,0,-3.08578,
2.5359,0,-3.09065,
2.5443,0,-3.10404,
2.55257,0,-3.11807,
2.56092,0,-3.12958,
2.56924,0,3.13546,
2.57763,0,3.12913,
2.58591,0,3.11636,
2.5943,0,3.10976,
2.60257,0,3.09661,
2.61096,0,3.08986,
2.61924,2.7659,3.08645,
2.62763,0.0441972,3.08303,
2.63591,0.0632045,3.08284,
2.6443,0.0898961,3.07938,
2.65261,0.14583,3.0724,
2.66099,0.191268,3.06863,
2.66925,0.208895,3.06839,
2.67765,0.272694,3.06431,
2.68593,0.309819,3.06378,
2.69432,0.328716,3.06352,
2.70257,0.328716,3.06352,
2.71097,0.328716,3.06352,
2.71926,0.328716,3.06352,
2.72763,0.328716,3.06352,
2.73592,0.328716,3.06352,
2.7443,0.328716,3.06352,
2.75258,0.328716,3.06352,
2.76098,0.328716,3.06352,
2.76925,0.328716,3.06352,
2.77765,0.328716,3.06352,
2.78593,0.328716,3.06352,
2.79433,0.355446,3.05986,
2.80261,0.409792,3.05248,
2.811,0.437299,3.04876,
2.81926,0.492791,3.04124,
2.82766,0.520725,3.03744,
2.83593,0.571064,3.02672,
2.84434,0.611567,3.0194,
2.8526,0.452045,3.01249,
2.86095,0.451846,3.00904,
2.86927,0.45677,2.99871,
2.87762,0.469714,2.98842,
2.88594,0.627191,2.93746,
2.89434,0.469053,2.88583,
2.90264,0.683309,2.84034,
2.91102,0.459124,2.78441,
2.91934,0.604062,2.75542,
2.92769,0.411358,2.71609,
2.93596,0.490984,2.69469,
2.94435,0.633755,2.66727,
2.95262,0.46481,2.6182,
2.96101,0.624882,2.58701,
2.96928,0.421774,2.56507,
2.97767,0.493097,2.53735,
2.98596,0.57666,2.51456,
2.99437,0.38292,2.49741,
3.00263,0.41032,2.48778,
3.01102,0.441668,2.47543,
3.0193,0.4815,2.46578,
3.02764,0.524688,2.45611,
3.03598,0.545035,2.45392,
3.04436,0.587852,2.44685,
3.05264,0.43796,2.43974,
3.06103,0.472281,2.43524,
3.0693,0.479841,2.43032,
3.07769,0.497952,2.42803,
3.08598,0.534678,2.42342,
3.09432,0.553258,2.4211,
3.10263,0.571966,2.41877,
3.11104,0.66703,2.40691,
3.11934,0.842357,2.38476,
3.12769,1.0008,2.36415,
3.13598,0.998401,2.34265,
3.14438,1.18838,2.3198,
3.15264,1.46481,2.28572,
3.16099,1.49561,2.26337,
3.16931,1.71752,2.23107,
3.17766,1.97967,2.18835,
3.18599,2.18961,2.11795,
3.19433,2.63749,1.99068,
3.20265,2.82534,1.89437,
3.21099,3.03542,1.77419,
3.21932,3.19779,1.62842,
3.22766,3.27606,1.47243,
3.23599,3.31631,1.29703,
3.24433,3.20694,1.21813,
3.25266,3.18148,1.07297,
3.261,3.0167,0.954085,
3.26935,2.83221,0.850878,
3.27768,2.62968,0.762147,
3.28601,2.44153,0.700104,
3.29433,2.37503,0.658806,
3.30267,2.18514,0.613953,
3.31104,2.12547,0.596056,
3.31933,2.07392,0.580003,
3.32772,2.04101,0.574776,
3.33601,2.03705,0.56819,
3.34435,2.03033,0.555076,
3.35267,2.0098,0.539611,
3.36102,2.00674,0.526722,
3.36933,1.95954,0.51392,
3.37766,1.94717,0.501208,
3.38598,1.95319,0.490781,
3.39435,1.94828,0.484478,
3.40268,1.93971,0.471946,
3.41103,1.96158,0.457411,
3.41934,1.93705,0.442817,
3.42768,1.97688,0.42585,
3.43601,2.00841,0.412951,
3.44434,2.06395,0.391125,
3.45269,2.06743,0.373376,
3.46095,2.12123,0.346285,
3.46928,2.1806,0.318655,
3.47762,2.18276,0.295236,
3.48597,2.33642,0.24128,
3.49431,2.32453,0.221439,
3.50265,2.39348,0.182168,
3.51097,2.46364,0.147078,
3.51934,2.49994,0.117733,
3.52765,2.54134,0.0916345,
3.53603,2.609,0.0434509,
3.54436,2.63286,0,
3.55267,2.70217,-0.0558079,
3.56103,2.71703,-0.107538,
3.56935,2.76346,-0.148328,
3.57774,2.75545,-0.178318,
3.58602,2.78555,-0.214305,
3.59445,2.80491,-0.252011,
3.60272,2.89698,-0.329185,
3.61108,2.88216,-0.376106,
3.61935,2.93117,-0.418224,
3.62776,2.9804,-0.474546,
3.63603,3.23652,-0.652262,
3.64446,3.1883,-0.803414,
3.65273,3.34905,-1.02813,
3.66109,3.28773,-1.15459,
3.66936,3.27468,-1.29069,
3.67775,3.27962,-1.42517,
3.68604,3.15978,-1.51956,
3.69445,3.18219,-1.65394,
3.7027,3.11391,-1.74839,
3.7111,3.0598,-1.7976,
3.71937,3.04235,-1.85163,
3.72776,2.99524,-1.91382,
3.73606,2.98868,-1.9558,
3.74447,2.97625,-2.00448,
3.75272,3.02887,-2.0372,
3.76106,3.01567,-2.0593,
3.76939,3.0631,-2.12082,
3.77777,3.06069,-2.14665,
3.78606,3.05668,-2.17437,
3.79445,3.1011,-2.20422,
3.80272,3.09233,-2.23073,
3.81111,3.11507,-2.26635,
3.81941,3.15952,-2.30646,
3.82777,3.18098,-2.35619,
3.83607,3.23555,-2.38874,
3.84441,3.31544,-2.45205,
3.85272,3.34098,-2.47755,
3.86109,3.40865,-2.50508,
3.86939,3.464,-2.52795,
3.87778,3.47593,-2.56552,
3.88608,3.56371,-2.60875,
3.89441,3.61145,-2.64765,
3.90272,3.66693,-2.68137,
3.91108,3.71087,-2.72337,
3.91939,3.78028,-2.77442,
3.92779,3.85304,-2.82245,
3.93607,3.88546,-2.85413,
3.94447,3.94816,-2.8987,
3.95272,4.00702,-2.94763,
3.96111,4.08067,-3.00484,
3.9694,4.18899,-3.05609,
3.97779,4.22044,-3.10278,
3.98609,4.40195,3.0378,
3.99449,4.3808,2.973,
4.00273,4.45444,2.8887,
4.01112,4.45571,2.81984,
4.0194,4.45722,2.76109,
4.02773,4.49295,2.70764,
4.03608,4.47816,2.6829,
4.0445,4.4908,2.64313,
4.05276,4.46502,2.59929,
4.06114,4.47355,2.55969,
4.0694,4.47644,2.52906,
4.07776,4.48919,2.49809,
4.08608,4.50154,2.37945,
4.09445,4.50871,2.29279,
4.10275,4.50717,2.22102,
4.11114,4.53115,2.16195,
4.11943,4.54851,2.09559,
4.12782,4.59922,1.94048,
4.1361,4.63177,1.85075,
4.14451,4.62489,1.72616,
4.15279,4.58879,1.53633,
4.16115,4.55,1.30163,
4.16944,4.34799,1.11165,
4.17783,4.09162,0.957861,
4.1861,3.76344,0.818719,
4.19451,3.57113,0.759226,
4.20278,3.42953,0.706355,
4.21116,3.31823,0.684295,
4.21944,3.22758,0.65931,
4.22783,3.16835,0.643501,
4.23612,3.12323,0.635838,
4.24452,3.09083,0.628332,
4.2528,3.09083,0.628332,
4.26117,3.0747,0.624635,
4.26947,3.0747,0.624635,
4.27782,3.0747,0.624635,
4.28612,3.0747,0.624635,
4.29452,3.0747,0.624635,
4.3028,3.05862,0.620977,
4.31116,3.05862,0.620977,
4.31946,3.0426,0.617355,
4.32783,3.0426,0.617355,
4.33614,3.0426,0.617355,
4.34453,3.0426,0.617355,
4.35281,3.02663,0.61377,
4.36117,3.02663,0.61377,
4.36948,3.02663,0.61377,
4.37784,3.02663,0.61377,
4.38614,3.02663,0.61377,
4.39449,3.02663,0.61377,
4.40281,3.02663,0.61377,
4.41118,3.01071,0.610221,
4.41948,2.99485,0.606708,
4.42785,2.99485,0.606708,
4.43615,2.97904,0.60323,
4.44454,2.97904,0.60323,
4.45286,2.9476,0.596378,
4.4612,2.93197,0.593003,
4.46951,2.93197,0.593003,
4.47787,2.87985,0.612669,
4.48618,2.69825,0.701927,
4.49451,2.63916,0.758378,
4.50282,2.45242,0.818843,
4.51121,2.37461,0.885779,
4.5195,2.15869,0.938047,
4.52791,2.13164,0.957296,
4.53619,2.0253,0.981476,
4.54458,1.92435,1.02247,
4.55284,1.84636,1.03977,
4.56121,1.76238,1.0511,
4.56954,1.75793,1.05719,
4.57788,1.75394,1.06326,
4.58617,1.70573,1.06969,
4.59453,1.68719,1.07775,
4.60282,1.66969,1.08571,
4.61121,1.63379,1.08571,
4.61951,1.58976,1.09557,
4.62788,1.58227,1.10137,
4.63618,1.56878,1.11291,
4.64457,1.56878,1.11291,
4.65285,1.56878,1.11291,
4.6612,1.56878,1.11291,
4.66953,1.56878,1.11291,
4.67787,1.56878,1.11291,
4.6862,1.56878,1.11291,
4.69458,1.56878,1.11291,
4.70287,1.56878,1.11291,
4.71122,1.56878,1.11291,
4.71953,1.56878,1.11291,
4.72789,1.56878,1.11291,
4.7362,1.56878,1.11291,
4.74457,1.56878,1.11291,
4.75289,1.56878,1.11291,
4.76125,1.57987,1.11676,
4.76957,1.59114,1.12064,
4.77791,1.60259,1.12452,
4.78622,1.59751,1.13027,
4.79458,1.59751,1.13027,
4.80291,1.59294,1.13599,
4.81126,1.6014,1.14559,
4.81956,1.6014,1.14559,
4.82793,1.59815,1.15127,
4.83624,1.53738,1.16254,
4.84455,1.50159,1.17535,
4.85289,1.48619,1.18638,
4.86126,1.47927,1.19185,
4.86952,1.494,1.22524,
4.87794,1.40159,1.24117,
4.88621,1.33622,1.2684,
4.89453,1.33767,1.29138,
4.90289,1.25179,1.31019,
4.91119,1.22884,1.31999,
4.91951,1.21823,1.32485,
4.92789,1.20821,1.32968,
4.93622,1.20821,1.32968,
4.94459,1.20821,1.32968,
4.9529,1.20821,1.32968,
4.96126,1.20821,1.32968,
4.96956,1.20821,1.32968,
4.97793,1.20821,1.32968,
4.9862,1.21711,1.33355,
4.99461,1.21711,1.33355,
5.00288,1.21711,1.33355,
5.01123,1.21711,1.33355,
5.01957,1.21711,1.33355,
5.02793,1.20813,1.33834,
5.03621,1.20813,1.33834,
5.0446,1.20813,1.33834,
5.05291,1.19978,1.34311,
5.06121,1.19978,1.34311,
5.06955,1.19978,1.34311,
5.07789,1.19978,1.34311,
5.08624,1.19978,1.34311,
5.09462,1.20977,1.34697,
5.10291,1.20977,1.34697,
5.11127,1.20977,1.34697,
5.11959,1.20977,1.34697,
5.12795,1.20977,1.34697,
5.13626,1.20977,1.34697,
5.14462,1.20977,1.34697,
5.15291,1.20977,1.34697,
5.16129,1.20977,1.34697,
5.1696,1.20977,1.34697,
5.17797,1.22003,1.35084,
5.18627,1.22003,1.35084,
5.19456,1.22003,1.35084,
5.20394,1.22003,1.35084,
5.21125,1.22003,1.35084,
5.21954,1.22003,1.35084,
5.2279,1.22003,1.35084,
5.23621,1.22003,1.35084,
5.24452,1.22003,1.35084,
5.2529,1.22003,1.35084,
5.26125,1.22003,1.35084,
5.26958,1.22003,1.35084,
5.27792,1.22003,1.35084,
5.28626,1.22003,1.35084,
5.29461,1.22003,1.35084,
5.30292,1.22003,1.35084,
5.31125,1.22003,1.35084,
5.31963,1.22003,1.35084,
5.32793,1.22003,1.35084,
5.33626,1.22003,1.35084,
5.34456,1.22003,1.35084,
5.35297,1.22003,1.35084,
5.36126,1.22003,1.35084,
5.36963,1.22003,1.35084,
5.37791,1.22003,1.35084,
5.38631,1.22003,1.35084,
5.3946,1.22003,1.35084,
5.40298,1.22003,1.35084,
5.41127,1.22003,1.35084,
5.41965,1.22003,1.35084,
5.42798,1.22003,1.35084,
5.43632,1.22003,1.35084,
5.44465,1.22003,1.35084,
5.45299,1.22003,1.35084,
5.46128,1.22003,1.35084,
5.46966,1.22003,1.35084,
5.47799,1.22003,1.35084,
5.48632,1.22003,1.35084,
5.49466,1.22003,1.35084,
5.50299,1.22003,1.35084,
5.51133,1.22003,1.35084,
5.51962,1.22003,1.35084,
5.528,1.22003,1.35084,
5.53634,1.22003,1.35084,
5.54463,1.22003,1.35084,
5.55301,1.22003,1.35084,
5.56134,1.22003,1.35084,
5.56967,1.22003,1.35084,
5.578,1.22003,1.35084,
5.58634,1.22003,1.35084,
5.59468,1.22003,1.35084,
5.603,1.22003,1.35084,
5.61135,1.22003,1.35084,
5.61968,1.22003,1.35084,
5.62802,1.22003,1.35084,
5.63635,1.22003,1.35084,
5.64469,1.22003,1.35084,
5.65302,1.22003,1.35084,
5.66134,1.22003,1.35084,
5.66969,1.22003,1.35084,
5.67798,1.22003,1.35084,
5.68636,1.22003,1.35084,
5.69465,1.22003,1.35084,
5.70298,1.22003,1.35084,
5.7113,1.22003,1.35084,
5.71964,1.22003,1.35084,
5.72799,1.22003,1.35084,
5.73632,1.22003,1.35084,
5.74465,1.22003,1.35084,
5.75299,1.22003,1.35084,
5.76132,1.22003,1.35084,
5.76972,1.22003,1.35084,
5.77798,1.22003,1.35084,
5.78631,1.22003,1.35084,
5.79465,1.22003,1.35084,
5.80298,1.22003,1.35084,
5.81133,1.22003,1.35084,
5.81969,1.22003,1.35084,
5.82799,1.22003,1.35084,
5.83636,1.22003,1.35084,
5.84465,1.22003,1.35084,
5.85304,1.22003,1.35084,
5.86137,1.22003,1.35084,
5.86976,1.22003,1.35084,
5.8781,1.22003,1.35084,
5.88645,1.22003,1.35084,
5.89472,1.22003,1.35084,
5.90306,1.22003,1.35084,
5.91139,1.22003,1.35084,
5.91976,1.22003,1.35084,
5.92811,1.22003,1.35084,
5.93645,1.22003,1.35084,
5.94472,1.22003,1.35084,
5.9531,1.22003,1.35084,
5.96145,1.22003,1.35084,
5.96978,1.22003,1.35084,
5.9781,1.22003,1.35084,
5.98644,1.22003,1.35084,
5.99476,1.22003,1.35084,
6.00308,1.22003,1.35084,
6.01141,1.22003,1.35084,
6.01974,1.22003,1.35084,
6.02813,1.22003,1.35084,
6.03646,1.22003,1.35084,
6.04474,1.22003,1.35084,
6.05312,1.22003,1.35084,
6.06141,1.22003,1.35084,
6.06979,1.22003,1.35084,
6.07812,1.22003,1.35084,
6.08647,1.22003,1.35084,
6.09479,1.22003,1.35084,
6.10313,1.22003,1.35084,
6.11149,1.22003,1.35084,
6.1198,1.22003,1.35084,
6.12813,1.22003,1.35084,
6.13649,1.22003,1.35084,
6.1448,1.22003,1.35084,
6.15314,1.22003,1.35084,
6.16149,1.22003,1.35084,
6.16981,1.22003,1.35084,
6.17815,1.22003,1.35084,
6.18651,1.22003,1.35084,
6.19479,1.22003,1.35084,
6.20311,1.22003,1.35084,
6.21149,1.22003,1.35084,
6.21981,1.22003,1.35084,
6.22815,1.22003,1.35084,
6.23649,1.22003,1.35084,
6.24482,1.22003,1.35084,
6.25314,1.22003,1.35084,
6.2615,1.22003,1.35084,
6.26982,1.22003,1.35084,
6.27815,1.22003,1.35084,
6.2865,1.22003,1.35084,
6.29478,1.22003,1.35084,
6.30316,1.22003,1.35084,
6.31146,1.22003,1.35084,
6.31982,1.22003,1.35084,
6.32815,1.22003,1.35084,
6.33653,1.22003,1.35084,
6.34484,1.22003,1.35084,
6.35316,1.22003,1.35084,
6.36148,1.22003,1.35084,
6.36982,1.22003,1.35084,
6.37817,1.22003,1.35084,
6.38652,1.22003,1.35084,
6.39485,1.22003,1.35084,
6.40317,1.22003,1.35084,
6.41149,1.22003,1.35084,
6.41984,1.22003,1.35084,
6.42818,1.22003,1.35084,
6.43653,1.22003,1.35084,
6.44485,1.22003,1.35084,
6.45317,1.22003,1.35084,
6.46156,1.22003,1.35084,
6.46985,1.22003,1.35084,
6.47817,1.22003,1.35084,
6.48654,1.22003,1.35084,
6.49484,1.22003,1.35084,
6.50315,1.22003,1.35084,
6.51148,1.22003,1.35084,
6.51986,1.22003,1.35084,
6.52815,1.22003,1.35084,
6.53653,1.22003,1.35084,
6.54482,1.22003,1.35084,
6.55319,1.22003,1.35084,
6.56154,1.22003,1.35084,
6.56986,1.22003,1.35084,
6.57819,1.22003,1.35084,
6.58653,1.22003,1.35084,
6.59487,1.22003,1.35084,
6.60319,1.22003,1.35084,
6.6115,1.22003,1.35084,
6.61983,1.22003,1.35084,
6.62816,1.22003,1.35084,
6.63657,1.22003,1.35084,
6.64487,1.22003,1.35084,
6.65319,1.22003,1.35084,
6.6615,1.22003,1.35084,
6.66984,1.22003,1.35084,
6.6782,1.22003,1.35084,
6.68655,1.22003,1.35084,
6.69488,1.22003,1.35084,
6.70317,1.22003,1.35084,
6.71152,1.22003,1.35084,
6.71985,1.22003,1.35084,
6.72817,1.22003,1.35084,
6.73656,1.22003,1.35084,
6.74488,1.22003,1.35084,
6.75321,1.22003,1.35084,
6.76156,1.22003,1.35084,
6.7699,1.22003,1.35084,
6.77819,1.22003,1.35084,
6.78653,1.22003,1.35084,
6.79487,1.22003,1.35084,
6.80319,1.22003,1.35084,
6.81153,1.22003,1.35084,
6.81987,1.22003,1.35084,
6.8282,1.22003,1.35084,
6.83654,1.22003,1.35084,
6.84486,1.22003,1.35084,
6.8532,1.22003,1.35084,
6.86153,1.22003,1.35084,
6.86986,1.22003,1.35084,
6.8782,1.22003,1.35084,
6.88653,1.22003,1.35084,
6.89487,1.22003,1.35084,
6.90321,1.22003,1.35084,
6.91154,1.22003,1.35084,
6.91992,1.22003,1.35084,
6.92824,1.22003,1.35084,
6.93659,1.22003,1.35084,
6.94492,1.22003,1.35084,
6.95325,1.22003,1.35084,
6.96159,1.22003,1.35084,
6.96987,1.22003,1.35084,
6.97817,1.22003,1.35084,
6.98659,1.22003,1.35084,
6.99493,1.22003,1.35084,
7.00327,1.22003,1.35084,
7.0116,1.22003,1.35084,
7.01989,1.22003,1.35084,
7.02826,1.22003,1.35084,
7.03659,1.22003,1.35084,
7.04493,1.22003,1.35084,
7.05327,1.22003,1.35084,
7.06164,1.22003,1.35084,
7.06993,1.22003,1.35084,
7.07823,1.22003,1.35084,
7.08661,1.22003,1.35084,
7.09489,1.22003,1.35084,
7.10324,1.22003,1.35084,
7.11156,1.22003,1.35084,
7.11991,1.22003,1.35084,
7.12824,1.22003,1.35084,
7.13657,1.22003,1.35084,
7.14491,1.22003,1.35084,
7.15324,1.22003,1.35084,
7.16158,1.22003,1.35084,
7.1699,1.22003,1.35084,
7.17825,1.22003,1.35084,
7.18657,1.22003,1.35084,
7.19491,1.22003,1.35084,
7.20324,1.22003,1.35084,
7.21157,1.22003,1.35084,
7.21991,1.22003,1.35084,
7.22824,1.22003,1.35084,
7.23658,1.22003,1.35084,
7.24491,1.22003,1.35084,
7.25325,1.22003,1.35084,
7.26158,1.22003,1.35084,
7.2699,1.22003,1.35084,
7.27823,1.22003,1.35084,
7.28658,1.22003,1.35084,
7.29492,1.22003,1.35084,
7.30325,1.22003,1.35084,
7.31158,1.22003,1.35084,
7.31996,1.22003,1.35084,
7.3283,1.22003,1.35084,
7.33662,1.22003,1.35084,
7.34497,1.22003,1.35084,
7.3533,1.22003,1.35084,
7.36159,1.22003,1.35084,
7.36997,1.22003,1.35084,
7.3783,1.22003,1.35084,
7.38664,1.22003,1.35084,
7.39497,1.22003,1.35084,
7.40331,1.22003,1.35084,
7.41165,1.22003,1.35084,
7.41999,1.22003,1.35084,
7.42831,1.22003,1.35084,
7.43665,1.22003,1.35084,
7.44493,1.22003,1.35084,
7.45329,1.22003,1.35084,
7.4616,1.22003,1.35084,
7.46999,1.22003,1.35084,
7.47827,1.22003,1.35084,
7.48664,1.22003,1.35084,
7.49497,1.22003,1.35084,
7.50329,1.22003,1.35084,
7.51161,1.22003,1.35084,
7.5199,1.22003,1.35084,
7.52829,1.22003,1.35084,
7.53663,1.22003,1.35084,
7.54495,1.22003,1.35084,
7.55333,1.22003,1.35084,
7.56163,1.22003,1.35084,
7.57,1.22003,1.35084,
7.5783,1.22003,1.35084,
7.58667,1.22003,1.35084,
7.59497,1.22003,1.35084,
7.60334,1.22003,1.35084,
7.61164,1.22003,1.35084,
7.62001,1.22003,1.35084,
7.62832,1.22003,1.35084,
7.63667,1.22003,1.35084,
7.645,1.22003,1.35084,
7.65333,1.22003,1.35084,
7.66163,1.22003,1.35084,
7.67001,1.22003,1.35084,
7.67834,1.22003,1.35084,
7.68668,1.22003,1.35084,
7.69502,1.22003,1.35084,
7.70334,1.22003,1.35084,
7.71168,1.22003,1.35084,
7.72002,1.22003,1.35084,
7.72834,1.22003,1.35084,
7.73669,1.22003,1.35084,
7.74498,1.22003,1.35084,
7.75336,1.22003,1.35084,
7.7617,1.22003,1.35084,
7.77002,1.22003,1.35084,
7.77836,1.22003,1.35084,
7.78669,1.22003,1.35084,
7.79502,1.22003,1.35084,
7.80336,1.22003,1.35084,
7.8117,1.22003,1.35084,
7.82003,1.22003,1.35084,
7.82833,1.22003,1.35084,
7.83671,1.22003,1.35084,
7.84499,1.22003,1.35084,
7.85336,1.22003,1.35084,
7.86167,1.22003,1.35084,
7.87004,1.22003,1.35084,
7.87833,1.22003,1.35084,
7.88671,1.22003,1.35084,
7.89498,1.22003,1.35084,
7.90333,1.22003,1.35084,
7.91168,1.22003,1.35084,
7.92005,1.22003,1.35084,
7.92833,1.22003,1.35084,
7.93671,1.22003,1.35084,
7.94501,1.22003,1.35084,
7.95338,1.22003,1.35084,
7.96167,1.22003,1.35084,
7.96999,1.22003,1.35084,
